"","1_24","1_61","1_126","1_190","1_284","1_482","1_580","1_627","1_660","1_668","2_100","2_173","2_202","2_326","2_493","2_569","2_663","2_670","2_784","2_923","3_4","3_98","3_212","3_224","3_349","3_392","3_705","3_741","3_868","3_875","4_5","4_267","4_353","4_375","4_454","4_521","4_567","4_803","4_828","4_903","5_131","5_228","5_252","5_279","5_288","5_338","5_459","5_554","5_693","5_800","6_147","6_227","6_423","6_490","6_553","6_592","6_746","6_771","6_786","6_933","7_12","7_84","7_103","7_157","7_164","7_276","7_350","7_523","7_825","7_976","8_46","8_55","8_298","8_329","8_432","8_623","8_627","8_786","8_904","8_991","9_46","9_51","9_92","9_173","9_178","9_222","9_266","9_436","9_445","9_954","10_65","10_168","10_222","10_348","10_557","10_615","10_661","10_802","10_843","10_936"
"301",0,0,0,0,0,0,0,2,0,0,0,2,2,2,2,2,0,0,0,2,2,2,0,2,0,0,2,2,0,0,0,0,2,0,0,0,0,0,0,2,0,2,0,2,0,2,2,0,0,0,0,2,2,0,2,0,2,0,2,0,0,0,0,0,0,0,0,2,1,2,0,0,2,0,2,1,0,0,0,2,2,0,0,0,2,0,2,0,0,0,2,0,2,0,0,0,0,0,0,0
"302",0,2,0,2,2,0,0,2,1,2,0,2,2,2,2,1,0,2,0,2,0,2,2,2,0,0,2,0,0,0,0,2,2,2,0,0,0,0,0,2,0,2,0,2,0,0,2,0,0,0,0,2,2,0,0,0,0,2,2,0,2,0,0,0,0,2,0,0,2,2,0,2,2,0,2,0,0,0,2,0,2,0,0,2,2,0,0,0,0,0,2,0,2,0,2,0,0,0,0,2
"303",0,2,0,0,0,0,0,0,0,2,0,2,2,2,2,2,0,2,0,2,2,0,0,0,0,0,2,2,0,0,0,2,2,2,0,0,0,0,0,2,2,0,0,0,0,2,2,0,0,1,0,2,2,2,0,0,0,2,2,0,2,0,0,0,0,0,0,2,2,2,0,2,2,2,0,2,0,0,2,1,2,0,0,0,2,0,0,0,0,0,2,2,2,0,2,0,0,0,0,0
"304",0,2,0,0,2,2,0,2,2,2,0,2,2,2,2,2,0,0,2,2,2,0,0,1,0,0,2,0,0,0,0,0,2,2,2,0,0,0,0,2,0,2,0,2,0,0,0,0,0,0,0,0,2,2,0,0,2,2,2,0,0,0,0,0,0,0,0,0,2,2,0,0,2,0,0,2,0,0,0,0,2,0,0,0,0,0,0,0,0,0,2,1,2,0,0,0,0,2,2,0
"305",0,2,0,0,0,0,0,2,0,2,0,2,2,2,2,2,0,2,0,2,2,0,0,0,0,0,2,2,1,0,0,2,2,2,0,0,1,0,0,0,0,0,0,2,0,0,0,0,0,1,0,1,2,2,0,2,0,0,2,0,0,0,0,0,0,2,0,0,2,2,0,0,2,0,2,2,0,2,2,2,2,0,2,0,2,0,0,0,0,0,2,0,1,0,1,0,0,1,0,0
"306",0,0,1,1,0,0,0,2,1,1,0,2,2,2,2,2,0,1,0,2,0,0,2,2,0,0,2,2,2,0,0,2,2,2,0,0,2,0,0,2,0,2,0,2,0,0,2,0,0,0,0,0,2,2,0,0,0,2,2,0,0,0,0,2,2,0,0,0,2,2,2,2,2,0,0,2,0,0,2,2,2,0,0,0,0,0,0,0,0,0,2,2,2,0,2,2,0,2,2,0
"307",0,0,0,0,0,0,0,0,0,0,0,2,2,2,0,2,2,0,0,2,2,0,0,0,0,2,2,2,0,0,0,0,2,2,0,0,2,0,0,2,0,2,0,0,2,0,2,0,0,0,0,2,2,2,0,0,0,2,2,0,0,0,0,2,2,0,0,0,1,2,0,0,2,2,0,2,0,2,0,0,2,2,0,0,2,0,2,0,2,0,2,2,2,0,2,2,0,0,0,1
"308",0,0,0,0,0,0,0,2,0,2,0,0,0,2,2,2,0,0,0,2,2,0,0,0,0,2,2,0,0,0,0,0,2,2,0,0,0,0,0,2,0,2,0,2,0,2,2,0,0,2,0,0,1,1,0,0,0,2,2,0,0,0,0,0,0,2,0,0,2,2,0,0,2,2,2,2,0,0,0,2,2,0,0,2,2,0,0,0,0,0,0,0,2,0,2,0,0,2,0,0
"309",0,2,0,0,0,2,0,2,1,0,0,2,2,2,2,2,0,2,0,2,2,2,0,0,0,0,2,0,0,0,0,0,2,2,0,0,2,0,0,2,0,2,0,2,0,2,2,2,0,2,0,2,2,2,0,0,0,2,2,0,0,0,1,0,0,1,0,2,2,2,0,0,2,0,0,2,0,0,0,0,2,0,0,0,0,2,0,0,1,0,2,0,2,0,0,0,0,0,0,0
"310",0,2,0,0,0,2,0,2,0,2,1,2,2,2,2,2,0,2,0,2,2,2,0,0,0,0,2,0,0,0,0,0,2,2,0,0,2,0,0,2,0,2,0,0,0,0,2,0,0,2,0,2,2,0,0,2,2,1,2,0,0,0,0,0,0,2,0,1,0,0,0,0,2,0,0,0,0,2,0,2,0,0,0,0,0,2,0,0,0,0,0,2,2,0,2,2,0,2,0,0
"311",0,0,2,0,0,0,0,2,0,2,2,2,2,2,2,2,0,0,0,2,0,2,0,0,0,0,2,2,0,0,0,2,2,2,0,0,0,0,0,0,0,2,0,2,0,0,2,0,0,2,0,0,2,0,0,0,0,2,2,0,0,0,0,0,0,2,0,0,0,2,1,1,2,0,0,0,0,2,2,0,2,0,0,1,2,0,1,0,0,0,2,1,1,0,0,0,0,2,2,0
"312",0,0,0,0,0,2,0,2,0,2,0,2,2,2,2,2,0,0,0,2,2,2,0,1,0,0,2,0,0,2,0,0,2,2,0,0,0,0,0,2,2,0,0,0,0,0,2,0,0,2,0,2,2,2,0,0,0,2,2,0,0,0,0,0,0,0,0,0,2,2,0,0,2,0,0,0,0,0,0,0,2,0,0,0,2,0,2,0,0,0,2,0,2,0,2,0,0,0,0,0
"313",0,0,0,2,2,2,0,2,0,2,0,2,2,1,2,0,0,0,0,2,0,2,0,0,0,0,2,2,2,0,0,0,2,2,2,0,0,0,0,2,0,1,0,2,0,2,0,0,2,0,0,2,2,2,0,2,0,2,2,0,0,0,0,0,0,0,0,0,2,2,0,1,2,0,0,0,0,0,0,0,2,2,2,0,2,0,0,0,0,0,2,2,2,0,2,0,0,2,0,0
"314",0,0,0,2,2,2,0,2,1,1,0,2,2,2,2,2,0,2,0,2,2,2,0,2,0,2,2,2,0,0,0,0,2,2,0,0,0,0,0,2,0,0,0,2,0,0,2,0,0,2,0,2,0,2,1,0,1,2,0,0,0,0,0,0,0,0,0,0,0,0,0,2,2,0,0,2,0,2,2,2,0,0,0,0,2,2,0,0,0,0,2,0,2,0,2,2,0,0,0,0
"315",0,2,0,0,2,2,2,2,0,2,0,2,2,2,2,2,0,0,2,2,0,0,0,2,0,2,2,2,2,0,0,0,2,2,0,0,0,2,0,2,0,0,0,2,0,0,2,0,0,0,0,0,2,2,0,0,0,2,2,0,0,0,2,0,0,2,0,0,0,2,2,2,2,0,2,0,0,2,2,2,2,2,1,0,2,0,0,0,0,0,2,0,0,2,2,0,0,2,0,2
"316",0,2,2,0,0,2,0,2,0,2,0,2,2,1,2,0,0,2,0,2,2,0,0,0,0,2,2,0,0,0,0,0,0,2,0,0,0,0,0,2,0,2,0,0,2,0,2,0,0,0,0,1,2,0,2,0,0,2,2,0,0,0,0,0,0,2,0,2,0,2,0,0,2,2,2,2,0,0,0,0,2,0,0,0,2,2,0,0,0,0,2,0,2,0,2,0,0,2,0,2
"317",0,2,0,2,0,2,0,0,0,0,2,2,2,2,2,2,0,2,0,2,0,0,0,0,2,0,2,0,0,2,0,0,2,2,2,0,2,2,0,0,0,0,0,2,0,0,2,0,0,2,0,2,2,0,0,2,2,2,2,0,0,0,0,0,0,0,0,0,2,0,0,0,2,2,2,2,0,0,2,0,0,0,0,2,2,2,0,0,0,0,2,2,0,0,1,0,0,0,0,0
"318",0,2,0,0,2,2,0,2,2,2,2,2,2,2,2,2,0,2,0,2,2,0,0,2,0,2,2,2,2,0,0,0,2,2,0,0,0,0,0,1,2,2,2,2,0,0,2,0,0,0,0,2,2,2,0,0,2,2,2,0,0,0,0,0,0,2,0,2,2,1,0,2,2,0,2,2,0,0,0,1,2,2,0,0,2,1,0,0,1,2,2,0,2,0,2,0,0,2,0,0
"319",0,1,0,0,2,2,0,2,2,0,0,2,2,2,2,0,0,0,0,2,2,2,0,2,2,0,2,2,2,0,0,2,2,2,0,2,2,2,0,2,0,2,0,0,0,0,2,0,0,2,0,2,2,2,0,0,0,0,2,0,0,0,0,0,0,0,0,0,2,2,2,2,2,2,2,0,0,2,0,2,1,1,1,0,2,0,0,0,0,0,2,0,0,0,2,2,0,1,0,0
"320",2,2,0,0,0,0,0,2,0,0,0,2,2,2,2,2,0,0,0,2,2,0,0,2,0,2,2,0,0,0,0,0,2,2,0,0,2,0,0,2,2,2,0,2,0,2,2,0,0,0,0,2,2,0,2,0,0,0,2,0,0,2,0,0,0,0,0,0,2,0,0,2,2,2,2,2,0,2,2,2,2,0,0,0,2,2,0,0,0,0,0,2,2,0,0,0,0,2,2,0
"321",0,0,0,0,0,2,0,2,0,0,0,0,0,2,2,2,0,0,0,2,2,2,0,2,0,2,2,0,2,0,0,2,2,2,1,0,0,0,0,2,2,2,0,2,0,0,0,0,0,0,0,0,2,0,0,0,0,2,2,0,2,0,0,0,0,2,0,0,2,2,0,0,2,1,0,2,0,0,0,2,2,0,0,2,2,2,0,0,0,0,2,0,2,0,2,0,0,0,0,0
"322",0,0,0,0,0,2,0,2,0,0,0,2,2,2,2,2,0,2,0,0,2,0,0,2,0,1,2,0,0,0,0,0,2,2,2,0,2,0,0,2,2,0,2,0,0,2,2,0,0,0,0,0,2,0,0,0,2,2,2,0,2,0,0,0,0,2,0,0,2,2,0,2,2,2,2,2,0,0,0,0,2,2,2,0,2,0,0,0,0,0,2,2,2,0,2,0,0,2,0,0
"323",0,0,2,2,2,2,0,2,2,0,0,2,2,1,1,2,0,1,0,2,2,2,0,1,1,2,2,0,0,0,0,0,0,0,2,0,2,0,0,2,0,1,0,2,0,0,2,0,0,2,0,2,2,2,0,0,2,2,0,0,1,0,0,0,0,1,0,0,2,2,2,0,2,0,2,1,0,0,0,2,2,2,2,0,2,0,0,0,0,0,2,0,2,2,2,2,0,0,0,0
"324",2,2,0,0,0,2,0,2,0,0,0,2,2,2,2,2,0,0,0,2,2,2,0,0,0,2,2,0,2,0,0,0,2,2,0,0,0,0,0,2,0,2,0,2,0,0,0,0,0,0,0,2,2,2,0,0,2,2,0,0,2,0,0,2,2,0,0,0,2,2,0,0,2,2,2,2,0,0,0,0,2,2,0,0,0,0,0,0,0,0,2,0,0,0,0,0,0,2,2,0
"325",0,2,0,0,0,0,2,2,0,2,0,0,0,2,2,2,0,2,0,2,2,0,0,0,0,0,2,0,0,0,0,0,2,2,0,2,0,2,0,0,2,0,0,0,0,2,2,0,0,2,0,2,2,0,0,0,0,2,2,0,2,0,0,0,0,0,0,0,2,2,0,2,2,2,0,0,2,2,2,2,2,2,0,0,2,0,0,0,0,0,2,2,0,0,2,2,0,2,0,0
"326",0,2,0,0,0,1,0,0,0,2,0,2,2,0,0,2,0,0,0,2,2,0,0,0,0,2,2,0,0,0,0,2,2,2,0,0,2,0,0,2,2,2,2,0,0,0,2,2,0,2,0,2,2,2,2,0,0,2,2,0,0,0,1,1,1,2,0,0,2,2,0,0,0,2,2,0,0,0,0,0,0,0,0,0,2,0,0,0,0,0,2,0,2,2,0,0,0,0,0,0
"327",0,2,0,0,0,0,0,2,0,2,2,0,0,2,1,2,0,2,0,2,0,1,0,0,0,0,2,0,0,0,0,2,2,2,0,0,2,0,0,2,0,2,0,0,2,0,2,0,1,1,0,2,2,0,0,0,0,2,2,0,0,0,2,2,2,2,0,1,2,2,2,1,2,0,2,2,0,0,0,0,2,2,2,0,0,0,0,0,0,0,2,2,2,0,2,0,2,2,0,0
"328",0,0,0,0,0,0,0,2,0,2,0,2,2,2,2,2,0,0,0,2,2,0,0,2,0,2,2,0,2,0,0,0,2,2,0,2,0,0,0,2,0,2,0,2,0,0,2,2,0,2,0,2,2,0,0,0,0,0,2,0,0,0,0,2,2,0,0,0,2,2,2,2,2,0,0,2,0,0,2,2,2,2,0,0,0,0,0,0,0,0,2,0,2,0,2,0,0,0,0,0
"329",2,2,0,0,0,1,0,2,1,1,2,2,2,0,2,2,0,0,0,2,0,0,0,2,0,0,2,2,2,0,0,0,0,2,0,0,0,0,0,2,2,0,0,0,0,2,2,0,0,0,0,2,2,0,2,0,2,0,2,0,0,0,0,0,0,0,2,0,0,2,0,1,2,0,2,0,2,2,2,0,2,2,0,0,0,0,0,0,0,0,2,0,2,0,0,0,0,1,1,0
"330",0,2,2,0,0,2,0,0,0,0,1,2,2,2,2,2,0,2,0,2,0,2,0,2,0,2,2,0,1,0,0,0,2,2,2,0,0,0,0,2,0,2,0,2,0,0,0,0,0,2,0,2,2,2,0,0,0,2,2,0,0,0,0,0,0,0,0,0,2,2,0,0,1,1,2,1,0,2,1,0,2,0,0,2,2,0,2,0,0,0,2,1,2,0,0,0,0,2,2,0
"331",0,0,0,0,0,0,0,2,0,2,0,2,2,2,2,2,0,2,0,2,2,2,0,1,0,1,2,0,2,0,0,0,2,2,0,0,2,0,0,2,0,2,0,2,0,2,0,0,0,1,0,0,2,0,2,0,2,2,2,0,0,0,0,0,0,2,0,0,0,2,2,2,2,2,2,2,0,0,2,2,2,0,0,2,2,2,0,0,0,0,2,0,2,0,1,1,0,0,0,0
"332",0,2,0,0,0,0,0,2,0,2,0,2,2,2,2,0,0,0,0,2,2,1,0,0,0,0,2,2,0,2,0,2,2,2,0,0,0,0,0,2,0,0,2,0,0,0,2,0,0,0,0,0,0,0,0,0,2,2,2,0,0,0,2,0,0,2,0,0,2,2,0,0,2,0,2,0,0,0,0,0,2,2,0,0,0,0,0,0,0,0,2,0,2,0,2,0,0,0,0,0
"333",0,0,0,0,0,0,0,2,0,2,0,2,0,2,2,0,0,2,0,2,2,0,0,2,0,0,2,0,0,0,0,0,1,2,0,0,2,0,2,2,0,2,0,2,0,2,2,0,0,2,0,2,2,2,0,0,2,2,0,0,0,0,1,1,1,2,0,0,2,2,2,2,2,0,2,2,0,0,0,0,2,0,0,2,2,2,2,0,0,0,0,0,2,2,1,2,0,0,0,0
"334",0,0,0,0,0,0,0,0,0,0,0,2,2,2,0,2,2,0,0,2,0,2,2,2,0,0,2,0,0,0,0,0,2,2,0,0,0,0,0,2,0,0,0,2,0,0,2,0,0,0,0,0,0,2,0,0,2,0,2,0,0,0,0,0,0,0,0,0,0,2,0,0,2,0,2,2,0,2,0,0,0,0,0,0,2,2,0,0,0,0,2,0,0,0,2,0,0,2,0,2
"335",0,2,0,0,0,0,0,2,0,2,0,2,2,2,0,2,0,2,0,2,2,2,0,0,0,0,2,2,2,0,0,0,2,0,2,0,2,0,0,2,0,0,0,0,0,2,2,2,0,0,0,2,2,2,0,0,0,2,2,0,0,0,2,2,2,0,0,0,2,0,0,2,2,0,2,0,0,0,0,0,2,2,0,0,2,0,0,0,0,0,2,2,0,0,2,2,0,0,0,0
"336",0,2,0,0,0,2,0,2,0,2,1,2,2,2,2,2,0,2,0,2,1,2,0,1,0,1,2,1,0,0,0,2,2,2,0,0,1,0,0,2,0,2,0,2,0,0,1,0,0,0,0,2,2,2,0,0,0,0,2,0,0,0,2,0,0,0,0,0,0,2,0,0,2,0,0,2,0,2,2,2,2,2,0,0,2,0,0,0,0,0,2,2,2,2,0,0,0,2,2,0
"337",0,2,0,0,0,2,0,0,2,0,0,2,2,2,2,2,0,0,0,2,2,0,0,0,0,0,2,0,0,0,0,0,2,2,2,0,2,0,0,2,0,2,0,2,0,0,0,0,0,2,0,1,0,2,0,0,0,0,2,0,0,0,0,0,0,0,0,0,2,2,0,0,2,0,0,2,0,0,2,2,2,0,0,0,2,0,2,0,0,0,2,0,2,0,2,2,0,0,0,0
"338",0,2,0,0,0,0,0,2,0,2,0,2,2,2,2,2,0,0,0,2,2,2,0,1,0,0,2,2,2,0,0,2,2,2,0,0,0,0,0,2,0,2,0,0,2,0,2,0,0,2,0,2,2,2,0,0,2,2,2,0,0,0,2,0,0,2,0,0,0,2,0,0,2,0,0,0,2,2,0,0,2,0,0,0,2,2,0,0,0,0,2,0,0,0,2,0,0,2,0,2
"339",0,2,2,0,0,2,0,2,2,2,0,2,2,2,2,2,0,2,0,2,2,1,0,2,0,0,2,2,2,0,0,0,2,2,0,2,0,0,0,2,0,0,2,0,0,0,2,0,2,2,0,2,2,0,1,1,1,0,2,0,0,0,1,2,2,0,0,1,2,2,0,2,2,0,0,0,0,0,0,0,1,0,0,2,2,1,0,0,0,0,2,0,2,0,2,0,0,2,0,0
"340",2,2,0,0,1,1,0,2,2,2,0,2,2,2,2,2,0,0,0,2,2,0,0,0,0,0,2,0,0,0,0,0,2,2,0,0,1,2,0,2,0,0,0,0,0,2,2,2,0,0,0,2,2,2,0,0,0,0,2,0,0,0,0,0,0,0,0,2,2,2,0,0,2,1,2,2,0,0,0,2,2,0,0,0,2,0,0,0,0,0,2,0,0,0,2,0,0,2,0,0
"341",0,2,0,0,0,2,0,2,0,2,0,2,2,2,1,2,0,2,0,2,0,2,0,2,0,0,2,2,0,0,0,2,2,2,0,0,2,2,0,0,0,0,0,0,0,0,2,0,0,2,0,0,2,2,0,0,2,2,2,0,0,0,0,0,0,1,0,1,2,2,2,2,2,0,2,0,0,0,2,2,2,0,0,0,0,0,0,0,0,0,2,2,2,1,1,1,0,0,0,0
"342",2,2,0,0,0,2,0,2,0,2,0,2,2,2,2,2,0,2,0,2,2,0,0,0,0,2,2,0,1,0,0,0,2,2,0,1,1,0,0,2,2,0,0,2,0,2,2,0,0,2,0,2,2,0,1,2,2,1,2,0,0,0,0,0,0,0,0,0,2,2,1,0,2,0,0,0,0,0,0,0,2,0,0,0,0,2,0,0,0,0,2,2,0,0,2,0,0,0,0,0
"343",0,0,0,0,0,0,0,1,2,2,0,1,1,2,2,2,0,2,0,2,0,0,0,2,0,0,2,1,1,0,0,0,2,2,0,0,0,0,0,2,0,2,1,1,0,2,1,0,0,0,0,2,2,0,0,2,2,2,2,0,0,0,0,2,2,0,0,0,2,2,0,0,2,0,0,2,0,0,2,0,2,0,0,0,2,2,0,0,0,0,2,0,2,0,2,0,0,0,0,0
"344",0,2,0,0,0,0,0,2,0,2,0,2,2,2,2,2,0,2,2,2,1,0,0,0,0,2,2,2,0,1,0,0,2,2,0,0,0,0,0,2,2,0,0,0,0,2,2,0,0,2,0,2,2,0,2,0,2,2,2,0,0,0,0,0,0,0,0,0,2,2,2,2,2,0,2,2,0,2,2,2,2,0,0,0,0,0,0,0,0,0,2,2,2,0,2,1,0,0,2,0
"345",0,0,0,1,0,2,0,2,0,2,0,2,2,2,0,2,0,2,0,2,2,0,0,0,0,0,2,0,0,0,0,0,2,2,0,0,0,0,0,0,0,0,0,2,0,0,2,0,0,0,0,2,2,2,0,0,2,2,2,0,2,0,2,0,0,0,0,0,2,2,0,0,2,0,2,2,0,0,0,1,2,0,0,0,0,0,0,0,0,0,2,0,0,2,2,0,0,2,1,0
"346",0,0,0,0,0,2,0,2,0,2,0,2,2,2,2,2,0,2,0,2,0,0,0,0,0,0,2,2,0,0,0,0,2,2,0,0,1,0,0,2,0,2,0,0,2,0,2,0,0,2,0,2,2,2,0,0,0,2,2,0,0,0,2,0,0,2,0,0,2,2,0,0,2,0,2,2,0,2,2,2,2,1,0,0,1,0,0,0,0,0,2,2,2,0,2,0,0,2,0,0
"347",0,1,1,0,0,2,0,0,0,2,2,2,2,2,0,2,0,2,0,2,2,2,0,0,0,1,2,0,0,2,0,0,2,2,0,0,2,0,0,2,0,2,0,2,0,0,2,0,0,2,0,2,2,0,0,0,2,0,2,0,0,0,2,0,0,2,2,0,2,2,2,2,2,2,2,1,0,1,1,1,2,2,2,0,2,0,0,0,0,0,2,0,0,0,2,0,2,0,0,1
"348",2,2,0,0,0,2,0,2,0,0,0,2,2,2,2,2,0,2,0,2,2,0,0,0,0,2,2,2,2,0,0,0,2,2,0,0,2,0,0,0,2,2,0,0,0,0,2,0,0,2,0,2,2,2,0,0,2,2,2,0,1,0,0,0,0,0,0,1,2,1,2,2,2,1,2,0,0,0,0,0,2,0,0,2,2,0,2,0,0,0,2,0,2,0,0,0,0,2,0,0
"349",0,2,0,0,0,0,0,1,2,1,0,0,0,2,2,2,0,1,0,2,0,0,0,1,0,2,2,0,2,0,0,0,2,0,0,0,2,0,0,2,0,2,0,0,2,0,2,0,0,2,0,0,2,1,0,0,0,0,2,0,2,0,1,0,0,2,0,0,0,2,0,0,2,0,0,2,0,0,0,2,2,0,0,2,2,0,0,0,0,0,2,0,0,0,2,0,0,0,0,2
"350",0,2,0,0,0,1,0,1,1,1,0,2,2,2,0,2,0,0,0,2,0,2,0,2,0,0,2,0,0,0,0,2,2,2,0,0,0,0,0,2,0,0,0,2,0,0,2,2,0,2,0,2,2,0,0,0,0,2,2,0,0,0,0,0,0,0,0,0,2,2,0,2,2,0,2,0,0,0,0,0,2,0,0,0,0,0,0,0,0,0,2,2,2,0,0,0,0,0,0,0
"351",0,2,0,1,0,0,0,0,2,2,0,2,2,2,2,2,0,0,0,2,2,2,0,0,0,0,2,0,0,0,0,0,2,2,0,0,2,0,0,2,0,2,0,2,0,0,2,2,0,2,0,2,0,2,0,2,1,2,1,0,0,0,2,0,0,0,0,1,2,2,0,0,2,0,0,0,2,0,0,2,2,0,0,0,2,2,0,0,0,0,2,2,2,2,0,0,0,2,0,0
"352",0,0,0,0,0,0,0,0,2,2,0,2,2,2,2,2,0,2,0,2,2,2,0,2,0,0,2,2,0,0,0,0,0,0,0,0,1,0,0,2,2,2,0,0,0,0,2,0,0,2,0,2,2,2,0,0,2,2,0,0,0,0,0,0,0,2,0,0,2,2,0,2,2,1,2,2,0,0,0,2,0,0,0,0,2,2,0,0,0,0,2,0,0,0,2,0,0,2,0,2
"353",0,1,0,0,1,2,0,0,0,2,0,2,2,2,2,2,0,2,0,2,2,0,0,0,0,0,2,0,2,0,0,0,2,2,0,0,2,0,0,2,0,2,2,0,0,0,2,2,0,2,0,2,2,2,0,0,2,2,2,2,0,0,0,1,1,1,0,1,1,2,2,2,2,2,2,2,0,0,0,2,2,0,0,0,2,0,0,0,0,0,2,0,2,0,2,0,0,2,0,0
"354",0,0,2,2,2,2,0,2,2,2,0,2,2,2,2,2,0,2,0,2,0,2,2,2,0,0,2,0,1,0,0,0,2,2,0,1,2,0,0,2,0,1,0,0,1,1,2,0,0,2,0,1,2,0,1,1,1,1,2,0,0,0,0,0,0,0,0,0,2,2,0,0,2,2,0,1,1,2,2,1,2,2,0,1,1,1,1,0,0,0,2,0,2,0,2,0,0,2,0,2
"355",0,1,0,0,0,0,0,2,0,2,0,2,2,2,2,0,0,2,0,2,2,0,0,0,0,0,2,0,0,0,0,0,2,2,0,0,2,0,0,2,2,0,0,0,0,2,2,0,2,2,0,0,0,2,0,0,2,2,2,0,2,0,0,0,0,0,0,0,2,2,0,2,2,1,2,0,0,0,2,2,2,0,0,2,2,0,0,0,0,2,2,2,2,0,0,2,0,0,0,0
"356",0,2,0,0,0,2,0,0,0,2,2,2,2,2,2,2,0,0,0,2,2,2,0,2,0,2,2,0,0,0,0,2,2,2,0,0,2,0,0,2,0,0,0,0,0,2,2,2,0,2,2,2,0,2,0,0,2,0,2,0,0,2,0,0,0,0,0,0,2,2,0,2,2,0,2,0,0,0,0,0,2,2,0,0,2,0,0,0,0,0,2,0,1,0,2,1,0,0,0,0
"357",0,0,0,0,0,2,0,2,0,2,2,2,2,2,2,0,0,0,0,2,2,0,0,0,0,0,2,0,0,0,0,0,2,2,2,0,2,0,0,2,0,2,0,0,2,0,2,0,0,0,0,2,2,2,0,0,1,2,2,0,0,0,0,0,0,0,0,0,1,2,0,0,2,2,0,0,2,0,0,0,2,0,0,0,0,2,0,0,0,0,2,0,0,0,2,0,0,2,0,0
"358",0,0,2,2,0,2,0,2,0,2,2,2,2,2,2,2,0,2,0,2,2,2,0,2,0,0,2,0,2,0,0,2,2,2,0,1,0,0,0,2,0,2,0,2,0,0,2,0,0,2,0,0,2,1,0,0,0,2,2,0,0,0,0,0,0,2,0,0,2,2,0,2,2,1,2,0,1,2,2,2,2,0,0,0,2,2,0,0,0,0,2,2,2,0,2,0,0,2,0,1
"359",0,2,0,0,0,2,0,2,1,1,0,2,2,2,2,2,0,2,0,2,2,0,0,2,0,0,2,2,0,0,0,0,2,2,0,0,2,0,0,2,0,0,2,0,0,0,2,0,0,0,0,0,2,0,2,0,0,2,2,0,0,0,2,0,0,0,0,0,2,2,0,0,2,0,2,0,0,0,0,0,2,2,0,0,2,2,0,0,0,0,2,0,0,0,2,0,0,2,0,2
"360",0,2,0,0,2,2,0,2,0,2,0,2,2,2,1,2,0,0,0,2,0,1,0,1,0,0,2,0,0,0,0,0,2,2,0,0,2,2,0,2,0,2,0,2,0,0,2,0,0,0,0,0,2,2,0,0,1,2,1,0,0,0,0,0,0,0,0,0,0,2,0,0,2,0,0,0,0,0,0,0,2,0,0,2,2,2,0,0,0,0,2,0,0,0,2,0,0,2,0,2
"361",0,2,0,2,2,2,0,1,2,0,0,2,2,0,2,2,0,0,0,2,0,0,0,0,0,0,2,2,0,0,0,1,2,2,0,0,1,0,0,2,0,2,0,2,0,0,2,0,0,0,0,0,2,0,0,0,0,0,2,0,0,0,0,2,2,0,0,0,2,2,0,0,2,0,2,1,0,0,0,0,2,0,0,2,2,0,0,0,0,0,2,2,2,0,2,2,0,0,0,0
"362",0,2,0,2,0,0,0,2,0,0,0,0,0,2,2,2,0,2,0,2,0,0,0,0,0,2,2,0,0,0,0,1,1,1,1,0,2,0,0,2,0,2,2,0,0,2,2,0,0,0,0,2,2,0,0,2,2,0,2,0,0,0,2,0,0,2,0,2,2,2,0,2,2,2,2,1,0,1,2,0,0,0,0,0,2,2,2,0,0,0,2,0,0,0,2,2,0,2,0,0
"363",0,2,0,1,2,2,0,0,0,0,0,2,1,2,2,0,0,2,0,2,2,0,0,1,0,1,2,0,0,0,0,0,2,2,0,0,2,0,0,2,0,0,0,2,0,0,2,0,0,2,0,2,0,2,0,0,2,0,2,0,0,0,2,0,0,0,0,0,1,2,1,1,2,0,2,0,0,2,0,0,2,0,0,0,0,0,0,0,0,0,2,2,2,0,2,0,0,0,0,0
"364",0,0,2,2,1,2,0,0,2,2,0,2,2,2,2,0,0,0,0,2,2,2,0,0,0,0,2,0,0,0,0,0,2,2,0,0,0,0,0,2,2,0,0,0,0,2,2,0,2,2,0,2,2,0,0,0,2,2,2,0,0,0,0,0,0,2,0,0,2,2,1,1,2,0,2,0,0,2,2,0,2,0,0,0,2,0,0,0,0,0,2,0,0,0,2,0,0,0,0,0
"365",0,2,0,0,0,0,0,0,2,2,0,2,2,2,2,2,0,2,0,2,2,2,2,2,0,0,2,2,2,0,0,0,2,2,2,0,0,0,0,2,0,2,0,2,0,2,2,0,0,0,0,0,2,2,0,1,1,1,1,0,0,0,0,0,0,2,0,2,2,2,0,0,2,2,2,2,0,0,0,1,2,0,0,0,0,0,0,0,0,0,2,0,0,0,2,2,0,2,0,0
"366",0,2,0,0,0,0,0,0,2,0,2,2,2,2,2,2,0,0,0,2,2,0,0,0,0,2,0,0,2,0,0,0,2,0,0,0,0,0,0,2,0,0,0,2,0,0,2,0,0,2,0,2,2,0,0,0,2,2,0,0,2,0,0,0,0,2,0,0,2,2,1,1,2,2,2,2,0,0,0,0,2,0,0,0,2,0,0,0,0,0,2,0,1,0,2,2,0,0,0,0
"367",0,0,2,1,1,2,0,2,0,2,0,2,2,2,2,2,0,0,0,2,0,2,0,0,0,0,2,0,0,2,0,2,2,2,0,0,0,0,0,2,0,1,0,1,0,0,1,0,0,0,0,2,2,2,0,0,0,2,2,0,0,0,0,0,0,0,0,0,0,2,0,0,2,2,2,2,0,1,2,0,2,2,0,0,0,2,0,0,0,0,2,0,2,0,1,0,0,2,2,0
"368",2,2,0,0,0,0,0,0,0,2,2,2,2,2,2,2,0,2,0,2,0,0,0,0,0,0,2,2,0,0,0,0,2,2,2,0,2,0,0,2,0,0,0,2,0,0,2,0,0,0,0,2,2,2,0,2,0,2,2,0,0,0,2,2,2,0,0,0,2,2,0,0,2,0,2,2,0,0,0,0,0,0,0,0,2,2,0,0,0,0,2,2,2,0,0,0,0,2,0,0
"369",2,2,0,0,0,2,0,2,0,0,2,2,2,2,2,1,0,2,0,2,2,2,0,0,0,0,2,2,2,0,0,0,2,2,0,0,0,0,0,2,2,0,0,0,0,2,2,0,2,2,0,1,2,2,0,0,0,2,2,0,0,0,0,0,0,0,0,0,2,2,0,2,2,0,2,1,0,0,1,0,2,0,0,0,2,0,0,0,0,0,2,0,2,0,2,0,0,2,0,0
"370",0,0,0,0,0,2,0,2,0,2,0,0,0,2,0,2,0,1,0,2,2,2,2,2,0,0,2,0,0,2,0,2,2,2,0,0,0,0,0,0,0,2,2,0,0,0,2,2,0,0,0,0,2,0,0,0,1,2,2,0,0,0,2,0,0,2,0,2,0,2,0,2,2,0,0,2,0,0,2,0,2,0,0,0,0,0,0,0,1,0,2,2,2,0,0,2,0,2,2,0
"371",0,2,0,0,0,0,0,0,0,0,0,2,0,2,2,0,0,2,0,2,0,0,0,0,0,0,2,0,2,0,0,2,2,2,1,0,0,0,0,2,0,2,0,2,0,1,1,0,0,2,0,2,2,2,0,0,2,2,0,0,0,0,0,0,0,0,0,0,2,2,0,2,2,2,2,0,0,0,0,0,2,0,0,0,0,0,0,0,0,0,2,1,2,0,0,0,0,0,0,0
"372",0,2,0,0,0,0,0,0,0,2,0,2,2,2,2,2,0,2,0,2,2,2,2,2,2,2,2,2,2,0,0,0,0,0,0,0,0,0,0,2,0,2,1,1,0,0,2,0,0,0,0,2,2,0,0,0,2,2,0,0,0,0,2,0,0,2,0,0,2,2,2,2,2,1,2,2,0,2,0,0,1,0,0,2,2,2,0,0,0,0,2,2,2,0,0,0,0,2,0,0
"373",0,2,2,0,0,2,2,2,2,2,0,2,2,2,2,2,0,2,0,1,2,0,0,0,0,0,2,2,2,0,0,0,2,2,2,0,2,0,0,2,0,2,0,2,0,0,2,0,0,2,0,2,2,0,0,0,2,2,0,0,2,0,0,0,0,2,0,0,2,2,0,2,2,0,2,2,0,0,0,0,0,0,0,1,2,2,1,0,0,0,2,0,0,2,2,0,0,2,0,2
"374",0,0,0,0,0,0,0,2,0,2,2,2,2,2,2,2,0,2,0,2,2,0,0,2,0,0,2,1,1,0,0,2,2,2,0,0,2,0,0,2,0,2,0,0,2,0,2,0,0,2,0,2,2,0,0,2,0,2,2,0,0,0,0,0,0,2,2,0,2,0,0,0,2,2,0,2,0,0,0,0,2,1,0,0,2,0,2,0,0,0,2,0,2,0,2,0,0,0,0,2
"375",0,2,0,0,0,2,0,2,0,0,2,2,2,2,2,2,0,0,0,2,0,2,0,0,0,2,2,0,0,0,0,2,2,2,0,0,2,0,0,2,0,2,2,0,0,0,2,0,0,0,0,2,2,0,2,0,0,2,2,0,0,0,1,0,0,0,0,0,2,2,0,0,2,0,2,2,0,0,0,0,2,2,0,0,2,2,0,0,0,0,2,2,2,0,2,0,0,0,0,0
"376",1,1,0,0,0,2,0,2,0,2,2,2,2,2,2,2,0,0,0,2,2,2,0,2,0,2,2,0,0,0,0,0,2,2,2,0,1,0,0,2,0,2,0,2,0,0,2,0,0,2,0,2,2,0,0,0,2,0,2,0,0,0,2,0,0,2,0,0,2,2,2,2,2,0,2,2,0,0,0,2,2,2,0,0,0,0,0,0,0,0,2,0,0,0,2,0,0,1,0,1
"377",0,2,0,2,0,0,0,0,2,2,0,2,2,2,2,2,0,1,0,2,2,0,0,0,0,0,2,2,0,0,0,0,2,2,2,0,0,0,0,2,2,0,0,0,0,2,2,0,0,0,0,0,2,0,0,0,0,0,2,0,0,0,0,0,0,0,0,0,2,2,1,1,2,0,0,0,0,2,2,2,2,0,0,0,0,0,0,0,0,0,2,2,2,0,0,0,0,2,0,2
"378",0,0,0,0,0,2,0,2,2,2,0,2,2,2,2,2,0,2,2,2,2,0,0,2,0,2,2,0,0,2,0,0,2,2,0,0,2,0,0,2,0,2,0,0,0,2,0,0,0,2,0,2,2,2,0,2,0,2,2,0,0,0,2,2,2,2,0,0,2,2,0,0,2,0,2,0,2,0,0,0,2,0,0,2,2,0,0,0,0,0,2,2,2,0,2,0,0,0,0,0
"379",0,0,0,0,0,0,0,2,2,0,0,2,2,2,2,2,0,2,0,2,0,0,2,2,0,0,2,0,2,0,0,2,0,2,0,0,2,0,0,2,2,0,0,0,0,0,2,0,0,0,0,2,2,0,0,0,1,1,2,0,0,0,2,0,0,2,2,0,2,2,0,0,2,1,1,2,0,0,2,0,2,0,0,0,1,1,0,0,0,0,0,2,2,0,0,0,0,2,2,0
"380",2,2,0,0,2,2,0,0,2,0,0,2,2,2,2,2,0,2,0,2,2,0,0,0,0,2,2,0,0,0,0,0,2,2,0,0,0,0,0,2,2,2,0,2,0,0,2,0,0,0,0,2,1,2,0,0,0,2,2,0,0,0,2,0,0,0,0,0,2,2,2,2,2,1,2,0,0,2,0,0,2,0,0,0,2,0,0,0,0,0,2,2,2,0,0,0,0,2,0,0
"381",0,0,0,0,2,2,0,2,2,2,0,2,2,2,2,0,0,2,0,2,2,2,0,2,0,2,2,0,0,0,0,0,2,2,0,0,0,0,0,0,0,2,0,2,2,0,2,0,0,0,0,1,2,0,0,2,1,1,2,0,0,0,0,2,2,2,2,0,0,2,0,2,2,2,2,0,1,2,2,2,2,0,0,2,2,0,0,0,0,0,2,0,2,0,1,0,0,2,0,2
"382",0,2,0,0,0,0,0,0,2,0,0,2,2,2,2,0,0,0,0,2,0,0,0,2,0,0,2,0,2,0,0,2,2,0,0,2,0,0,0,0,0,0,2,0,0,0,2,0,0,0,0,2,2,2,0,0,2,2,2,0,2,0,2,0,0,2,0,0,2,2,1,1,2,2,2,2,0,0,2,0,2,2,0,0,2,0,2,0,0,0,2,0,2,0,2,0,0,2,0,0
"383",0,0,0,0,0,2,0,2,0,2,0,2,2,2,2,2,0,2,0,2,0,0,0,0,0,0,0,0,0,0,0,0,2,2,0,0,2,0,1,2,0,2,0,0,2,0,2,2,0,0,0,2,2,0,2,0,2,2,0,0,0,0,0,0,0,0,0,0,2,2,2,2,2,0,0,2,0,0,0,0,2,2,0,0,0,2,0,0,0,0,2,0,2,2,2,2,0,2,0,2
"384",0,2,0,0,0,2,2,2,0,2,0,2,2,2,0,2,0,0,2,2,2,2,0,0,0,1,2,0,0,0,0,2,2,2,0,0,2,0,0,2,0,2,0,2,0,2,0,0,0,2,0,0,2,0,0,0,0,2,2,0,0,0,0,0,0,1,0,0,2,2,0,2,2,2,2,2,0,0,2,0,2,0,0,2,2,2,0,0,0,0,2,2,2,0,2,0,0,2,0,0
"385",2,2,0,0,0,2,0,0,2,2,0,0,0,2,2,2,0,2,0,2,2,2,0,0,0,0,2,2,0,0,0,2,2,2,2,0,0,0,0,2,2,0,0,2,0,0,2,0,0,2,0,0,2,0,1,0,0,2,2,0,0,0,0,2,2,0,0,0,2,2,0,0,2,0,2,2,0,0,0,0,2,2,0,0,0,0,0,0,0,0,2,1,2,0,2,2,0,0,0,0
"386",0,2,0,0,0,2,0,2,1,2,2,2,2,2,0,2,0,0,0,2,2,2,0,0,0,0,2,0,0,0,0,0,2,2,0,0,0,0,0,2,0,0,0,0,0,2,2,2,0,0,0,1,2,2,0,1,1,1,2,0,0,0,0,0,0,2,0,0,2,2,2,2,2,0,2,0,0,0,2,0,2,2,0,0,0,0,0,0,0,0,2,2,0,0,0,0,0,1,1,0
"387",0,1,1,0,0,0,0,2,0,2,0,2,2,2,2,2,0,2,0,2,0,2,2,2,0,0,2,2,0,0,0,2,2,2,0,0,0,0,0,0,0,2,0,0,2,0,2,0,0,2,0,0,2,2,0,0,2,0,2,0,0,0,0,0,0,0,0,0,2,2,0,2,2,0,0,2,0,0,2,1,2,0,0,0,0,0,0,0,0,0,2,0,0,0,2,0,0,2,0,0
"388",0,0,0,0,2,2,0,2,1,0,0,2,2,2,2,2,0,2,0,2,0,0,0,0,0,2,2,2,0,0,0,0,0,2,0,2,0,0,0,2,0,2,0,2,0,2,0,0,0,2,0,2,2,2,0,0,0,2,2,0,0,0,0,0,0,2,0,0,2,2,0,0,2,2,2,2,0,0,0,0,2,2,0,0,2,0,2,0,0,0,2,2,0,0,2,0,0,0,0,2
"389",0,2,0,0,0,0,0,0,2,0,0,2,2,2,2,2,0,2,0,2,2,2,0,0,0,0,2,0,2,0,0,0,2,0,0,0,0,0,0,2,2,0,0,1,0,1,2,2,0,0,0,2,2,0,0,0,2,2,2,2,0,2,0,0,0,0,0,0,2,2,0,0,2,0,0,0,0,2,2,0,0,0,0,2,2,2,0,0,0,0,2,0,2,0,2,0,0,2,0,0
"390",0,0,0,0,1,2,0,0,2,2,0,2,2,2,2,2,0,2,2,2,2,2,0,2,0,2,2,0,0,2,0,0,2,2,0,0,0,0,0,2,0,2,0,2,0,0,2,0,2,2,0,0,2,2,0,0,1,1,1,0,0,0,0,0,0,0,0,0,2,2,2,2,2,0,0,0,0,0,2,0,2,0,0,0,0,0,0,0,0,0,2,0,2,0,2,0,0,0,0,2
"391",2,2,2,0,1,0,0,2,0,2,0,2,2,2,2,2,0,2,0,2,2,2,0,2,0,2,2,2,2,0,0,0,2,2,0,0,0,0,0,2,0,0,0,1,0,0,2,0,0,0,0,2,2,2,0,0,0,0,2,2,0,0,2,0,0,0,0,0,0,0,0,0,2,0,0,0,0,0,0,0,0,0,0,0,2,0,0,0,0,0,2,2,2,0,0,0,0,2,2,0
"392",0,2,0,0,0,0,0,2,0,0,0,2,2,2,2,0,0,0,0,2,2,2,2,2,0,0,0,0,0,0,0,0,2,0,0,0,0,0,0,2,0,2,0,2,0,0,2,0,0,0,0,0,2,0,0,0,0,2,2,0,0,0,2,0,0,2,2,0,2,0,1,2,2,0,2,0,0,0,2,0,2,1,2,0,2,0,0,0,0,0,2,0,0,0,2,0,0,2,0,2
"393",0,0,0,0,2,0,0,2,0,2,0,2,2,2,2,2,0,2,0,2,2,0,0,0,0,2,2,2,0,0,0,0,2,2,2,0,0,0,0,2,0,2,0,2,0,0,2,0,0,0,0,2,2,2,0,0,2,2,2,0,1,0,2,2,2,0,2,0,2,2,1,1,2,0,2,0,1,0,2,0,2,0,0,1,1,0,0,0,0,0,2,1,2,0,2,0,0,0,0,0
"394",2,2,0,0,0,0,0,2,0,2,0,2,2,2,2,2,0,0,0,2,0,2,0,2,0,0,2,2,2,0,0,0,2,2,0,0,0,0,0,2,0,2,0,2,0,0,0,0,0,1,0,2,2,0,0,0,2,2,0,0,0,0,0,0,0,2,0,0,1,2,0,0,2,2,2,0,0,2,2,0,2,0,0,2,2,2,0,0,0,0,2,2,0,0,2,2,0,0,0,0
"395",0,0,0,0,0,0,0,2,0,2,0,2,2,2,2,2,0,2,0,2,2,1,0,2,0,2,2,0,0,0,0,0,2,0,2,0,2,0,0,2,2,0,0,2,0,0,0,0,0,0,0,1,2,2,0,0,2,2,2,0,0,0,2,0,0,2,0,0,2,2,0,0,2,2,2,0,0,2,2,0,2,0,0,0,2,0,0,0,0,0,2,0,2,0,2,0,0,1,0,0
"396",0,0,0,1,1,2,0,2,0,2,0,2,2,0,2,2,0,2,0,2,2,2,0,2,0,2,2,2,0,2,0,2,2,2,2,0,0,0,0,2,2,2,0,2,0,1,2,0,0,0,0,0,2,0,0,2,0,2,2,0,0,0,0,0,0,0,0,0,2,2,0,0,2,0,0,2,0,0,1,2,2,2,0,0,2,2,0,0,0,0,2,1,1,0,2,2,0,0,0,2
"397",2,2,0,2,2,2,0,2,1,2,2,2,2,2,2,2,0,0,0,2,2,0,0,0,0,2,2,0,0,0,0,0,2,2,0,0,0,0,0,1,0,2,0,2,0,0,0,0,0,0,0,0,2,2,0,0,2,2,2,0,0,0,2,0,0,2,0,0,2,2,2,2,2,2,2,2,0,0,2,2,2,0,0,0,2,0,0,0,0,0,2,0,0,0,2,0,0,2,0,2
"398",0,2,2,2,0,2,0,0,0,2,1,0,0,2,1,2,0,2,0,2,0,0,0,2,0,2,0,0,0,0,0,0,2,2,0,2,0,0,0,2,2,2,0,2,0,0,2,0,0,0,0,0,2,0,0,2,0,2,2,0,2,0,0,2,2,0,2,0,0,2,0,0,2,0,0,2,0,0,0,0,0,0,0,0,0,0,0,0,0,0,2,1,2,0,0,0,0,0,0,0
"399",0,0,0,0,0,0,0,0,1,2,0,2,2,0,2,2,0,0,0,2,2,0,0,1,0,0,2,0,0,0,0,0,2,2,2,0,2,0,0,2,0,2,0,2,0,2,0,0,0,2,0,0,2,0,0,0,0,2,2,0,0,0,2,0,0,0,0,0,2,2,0,0,2,1,2,2,0,0,0,2,2,2,0,0,2,0,0,0,0,0,2,0,0,0,0,0,0,0,0,0
"400",0,1,0,0,0,0,2,0,0,2,0,0,0,2,2,2,0,2,0,2,0,0,0,0,0,0,2,0,2,0,0,0,2,2,0,0,0,0,0,2,0,2,0,2,0,0,2,0,0,0,0,2,2,2,0,2,0,2,2,0,2,0,0,0,0,2,0,0,0,0,2,2,2,0,2,0,2,1,2,2,2,0,0,2,2,2,0,0,0,0,2,2,2,0,0,0,0,0,0,0
